{
    "ord_area_id": "3",
    "ord_cust_id": "1",
    "ord_tax_rate": "0.17",
    "ord_tax_amt": "17",
    "ord_disc_ttl": "0",
    "ord_ship_cost": "0",
    "ord_status": "Open",
    "ord_payment_status": "Paid",
    "ord_paid_by": "Cash",
    "dr_account_id": "1",
    "ord_cash_rcvd": "150",
    "ord_dr_account": "2",
    "ord_grand_ttl": "228",
    "ord_date": "2021-11-13",
    "ord_created_by": "1",
	"cart": [
		{
			"product_id": "1",
			"quantity": "5",
			"price": "45",
			"item_disc": "2",
			"item_total_disc": "20",
			"total_price": "430",
			"wh_id": "1"
		},
		{
			"product_id": "2",
			"quantity": "5",
			"price": "50",
			"item_disc": "3",
			"item_total_disc": "60",
			"total_price": "940",
			"wh_id": "2"
		}
	]
}
