{
    "ord_cust_id": "1",
    "ord_wh_id": "1",
    "ord_tax_rate": "0.17",
    "ord_tax_amt": "17",
    "ord_disc_ttl": "0",
    "ord_ship_cost": "0",
    "ord_status": "Open",
    "ord_payment_status": "Paid",
    "ord_paid_by": "Cash",
    "ord_cash_rcvd": "100",
    "ord_grand_ttl": "100",
    "ord_date": "2021-11-04",
    "ord_created_by": "1",
	"order_details": {
		"items": [
			{
			"prd_id": "1",
			"prd_qty": "5",
			"prd_unit_price": "45",
			"prd_disc_itm": "2",
			"prd_disc_ttl": "20",
			"prd_sub_ttl": "430"
			},
			{
			"prd_id": "2",
			"prd_qty": "5",
			"prd_unit_price": "50",
			"prd_disc_itm": "3",
			"prd_disc_ttl": "60",
			"prd_sub_ttl": "940"
			}
		]
    }
}
