<?xml version="1.0" encoding="UTF-8"?>
<module>
    <!-- Start UserManagement -->
    <UserManagement>
        <get_users_list>
            SELECT U.USER_ID, U.F_NAME, U.L_NAME, U.LOGIN_ID, U.EMAIL, U.MOBILE_NO, R.ROLE_NAME, TO_CHAR(U.CREATED_TIME,
            'dd-Mon-yyyy') AS CREATED_TIME, TO_CHAR(U.UPD_TIME, 'dd-Mon-yyyy') AS UPD_TIME, J.F_NAME AS CF_NAME,
            J.L_NAME AS CL_NAME,L.F_NAME AS UF_NAME, L.L_NAME AS UL_NAME  from SD.S_USERS U LEFT JOIN SD.S_USERS J ON
            U.CREATED_BY = J.USER_ID  LEFT JOIN SD.S_USERS L ON  U.UPD_BY = L.USER_ID
            INNER JOIN SD.S_ROLES R ON U.USER_TYPE = R.ROLE_ID
            WHERE U.USER_FLAG = %s
        </get_users_list>
    </UserManagement>
    <!-- End UserManagement -->

    <!-- Start OrderManagement -->
    <OrderManagement>
        <get_order_items_detail>
            SELECT ORD_D.OD_ID, ORD_D.ORDER_ID, ORD_D.PRO_ID, ORD_D.PRO_QTY, ORD_D.PRO_UNIT_PRICE, ORD_D.PRO_DISC_ITM,
            ORD_D.PRO_DISC_TTL, ORD_D.PRO_SUB_TTL, ORD_D.WH_ID, ORD_D.ORDER_DATE, ORD_D.CREATED_AT, ORD_D.UPDATED_AT,
            PRD.PRD_NAME FROM HM.ORDER_DETAILS ORD_D INNER JOIN HM.PRODUCTS PRD ON ORD_D.PRO_ID = PRD.PRD_ID
            WHERE ORD_D.ORDER_ID = '{}'
        </get_order_items_detail>
    </OrderManagement>
    <!-- End OrderManagement -->

    <!-- Start StockManagement -->
    <StockManagement>
        <get_all_products>
            SELECT PRD.PRD_ID, PRD.PRD_NAME, PRD.PRD_CODE, PRD.PRD_BRAND,
            PRD.PRD_CATEGORY, PRD.PRD_COST, PRD.PRD_PRICE, PRD.PRD_QTY,
            PRD.PRD_ALERT_QTY, PRD.WH_ID, WH.WH_NAME FROM HM.PRODUCTS PRD INNER JOIN
            HM.WAREHOUSE WH ON PRD.WH_ID = WH.WH_ID ORDER BY PRD.PRD_ID ASC
        </get_all_products>
    </StockManagement>
    <!-- End StockManagement -->

    <!-- Start WebAPIs -->
    <WebAPIs>
        <OrderManagement>
            <get_orders>
                SELECT ORD.ORD_ID, ORD.ORDER_ID, ORD.ORD_DATE, ORD.ORD_CUST_ID, ACT.ACC_NAME, ORD.ORD_STATUS,
                ORD.ORD_PAYMENT_STATUS, ORD.ORD_CASH_RCVD, ORD.ORD_TAX_AMT, ORD.ORD_GRAND_TTL FROM HM.ORDERS ORD INNER JOIN HM.ACCOUNTS ACT
                ON ORD.ORD_CUST_ID = ACT.ACC_ID {} ORDER BY ORD.ORDER_ID ASC
            </get_orders>
            <get_order_detail>
                SELECT ORD_D.OD_ID, ORD_D.ORDER_ID, ORD_D.PRO_ID, PRD.PRD_NAME, ORD_D.PRO_QTY, ORD_D.PRO_UNIT_PRICE,
                ORD_D.PRO_DISC_ITM, ORD_D.PRO_DISC_TTL, ORD_D.PRO_SUB_TTL
                FROM HM.ORDER_DETAILS ORD_D INNER JOIN HM.PRODUCTS PRD ON ORD_D.PRO_ID = PRD.PRD_ID
                WHERE ORD_D.ORDER_ID = '{}'
            </get_order_detail>
        </OrderManagement>
    </WebAPIs>
    <!-- End WebAPIs -->

</module>


